{
  "cities": [
    {
      "name": "上海",
      "salary": 12800,
      "rentRatio": 0.26,
      "tags": ["金融与创新的双引擎", "国际化程度最高"],
      "description": "中国最大的经济中心，拥有最丰富的职业机会和最高的薪资水平，但生活成本也相应较高。",
      "personalityWeights": {
        "野心家": 0.92,
        "生活家": 0.65,
        "探索者": 0.70
      }
    },
    {
      "name": "北京",
      "salary": 13500,
      "rentRatio": 0.28,
      "tags": ["机会密度全国之最", "文化中心"],
      "description": "政治文化中心，央企总部和互联网大厂聚集地，职业发展空间广阔，但竞争激烈。",
      "personalityWeights": {
        "野心家": 0.88,
        "生活家": 0.60,
        "探索者": 0.75
      }
    },
    {
      "name": "深圳",
      "salary": 12900,
      "rentRatio": 0.25,
      "tags": ["科技创业第一站", "年轻有活力"],
      "description": "科技创新之都，创业氛围浓厚，城市年轻充满活力，适合科技从业者。",
      "personalityWeights": {
        "野心家": 0.85,
        "生活家": 0.70,
        "探索者": 0.80
      }
    },
    {
      "name": "杭州",
      "salary": 11800,
      "rentRatio": 0.22,
      "tags": ["数字经济领跑者", "生活品质高"],
      "description": "数字经济发达，互联网产业集中，同时拥有优美的自然环境和较高的生活品质。",
      "personalityWeights": {
        "野心家": 0.75,
        "生活家": 0.85,
        "探索者": 0.78
      }
    },
    {
      "name": "成都",
      "salary": 8500,
      "rentRatio": 0.18,
      "tags": ["安逸生活代表", "消费性价比高"],
      "description": "以慢生活著称，美食文化丰富，生活成本相对较低，工作压力较小。",
      "personalityWeights": {
        "野心家": 0.60,
        "生活家": 0.92,
        "探索者": 0.85
      }
    },
    {
      "name": "西安",
      "salary": 7500,
      "rentRatio": 0.15,
      "tags": ["历史文化名城", "生活成本低"],
      "description": "历史文化底蕴深厚，生活成本低廉，适合喜欢历史文化和慢节奏生活的人。",
      "personalityWeights": {
        "野心家": 0.55,
        "生活家": 0.78,
        "探索者": 0.90
      }
    }
  ],
  "personalities": {
    "野心家": {
      "description": "敢用当下成本，兑换未来溢价的拼搏者",
      "idealCities": ["上海", "北京", "深圳"],
      "traits": ["追求极致发展", "高压力承受", "目标导向"],
      "warning": "需承担高初期压力，做好快节奏准备",
      "advice": "适合从事金融、科技、咨询等高压高薪行业"
    },
    "生活家": {
      "description": "追求工作与生活平衡的品质生活家",
      "idealCities": ["杭州", "成都", "苏州"],
      "traits": ["重视生活质量", "关注性价比", "享受当下"],
      "warning": "职业发展速度可能相对平缓",
      "advice": "适合创意产业、自由职业或稳定型工作"
    },
    "探索者": {
      "description": "渴望新奇体验与独特生活方式的冒险家",
      "idealCities": ["西安", "大理", "青岛"],
      "traits": ["热爱探索", "接受不确定性", "价值多元"],
      "warning": "可能需要面对更不稳定的收入结构",
      "advice": "适合文旅、艺术、自由职业等领域"
    }
  }
}